<?xml version="1.0" encoding="UTF-8" ?><rss version="2.0" xmlns:atom="http://www.w3.org/2005/Atom" xmlns:dc="http://purl.org/dc/elements/1.1/"> <channel><title>KPN Mini SReXperts hackathon 2026</title><description>KPN Mini SReXperts hackathon event guidelines</description><link>https://kpn.srexperts.net/</link><atom:link href="https://kpn.srexperts.net/feed_rss_created.xml" rel="self" type="application/rss+xml" /><managingEditor>Nokia</managingEditor><docs>https://github.com/nokia/SReXperts</docs><language>en</language> <pubDate>Mon, 12 Jan 2026 10:28:38 -0000</pubDate> <lastBuildDate>Mon, 12 Jan 2026 10:28:38 -0000</lastBuildDate> <ttl>1440</ttl> <generator>MkDocs RSS plugin - v1.17.1</generator> <image> <url>None</url> <title>KPN Mini SReXperts hackathon 2026</title><link>https://kpn.srexperts.net/</link> </image> </channel></rss>