{"mappings": [{"item": {"url": "nos/srlinux/advanced/20-SRLinux-Basic-Agent.html", "title": "NDK Agent to manage static-routes based on next-hop reachability checks"}, "tags": ["NDK", "python", "srlinux", "srlinux agent"]}, {"item": {"url": "nos/srlinux/advanced/nos-srlinux-activity-18.html", "title": "Verify alternate path forwarding without disrupting the network"}, "tags": ["Linux", "Python", "SR Linux", "Scapy"]}, {"item": {"url": "nos/srlinux/beginner/b-srl-oc.html", "title": "Vendor neutral configuration management using Openconfig and gNMI"}, "tags": ["markdown", "styleguide", "template"]}, {"item": {"url": "nos/srlinux/beginner/nos-srl-activity-04.html", "title": "On demand traffic steering for firewall or packet inspection using gRIBI"}, "tags": ["SR Linux", "SR OS", "gRIBI"]}, {"item": {"url": "nos/srlinux/beginner/nos-srl-gnsi-authz.html", "title": "Securing gRPC services from unauthorized access"}, "tags": ["Authorization", "Authz", "SR Linux", "gNMI", "gNSI", "gRPC"]}, {"item": {"url": "nos/srlinux/beginner/nos-srlinux-activity-11.html", "title": "Troubleshooting Access Control Lists (ACLs) using traffic monitoring tools, and configuration checkpoints"}, "tags": ["ACL", "SR Linux", "checkpoint", "monitoring", "traffic", "troubleshooting"]}, {"item": {"url": "nos/srlinux/intermediate/19-SRLinux-Custom-CLI.html", "title": "Create your own traffic overview CLI command"}, "tags": ["python", "srlinux", "srlinux cli plugin"]}, {"item": {"url": "nos/srlinux/intermediate/58-programming-snmp-mibs.html", "title": "Customize your network's observability using SR Linux' SNMP Framework"}, "tags": ["Management", "MicroPython", "Programmability", "SNMP", "SR Linux"]}, {"item": {"url": "nos/srlinux/intermediate/nos-srl-activity-12.html", "title": "Automatic update of interface descriptions using the event handler"}, "tags": ["Event handler", "MicroPython", "Programmability", "Python", "SR Linux"]}, {"item": {"url": "nos/sros/beginner/41-ANYsec.html", "title": "Enable quantum-safe network transport with ANYsec"}, "tags": ["ANYsec", "CLAB", "EdgeShark", "FP5", "SROS", "Wireshark", "gNMIc", "pySROS"]}, {"item": {"url": "nos/sros/beginner/43-Grafana-Dashboards.html", "title": "Create a graphical dashboard to monitor live BGP statistics"}, "tags": ["SR Linux", "SR OS", "Streaming_telemetry", "dashboard", "gnmic", "grafana", "prometheus", "visualization"]}, {"item": {"url": "nos/sros/beginner/9-custom-generic-log.html", "title": "Generating customized log events with EHS"}, "tags": ["SR OS", "custom_log", "ehs", "event_handling", "pySROS"]}, {"item": {"url": "nos/sros/beginner/nos-sros-activity-06.html", "title": "Overriding built-in show commands with aliases"}, "tags": ["MD-CLI", "MicroPython", "Python", "SR OS", "alias", "pySROS", "pyexec", "show commands"]}, {"item": {"url": "nos/sros/beginner/nos-sros-show-latest-commit-activity-14.html", "title": "Creating a custom command to show latest commits"}, "tags": ["MD-CLI", "Python", "SR OS", "pySROS"]}, {"item": {"url": "nos/sros/intermediate/nos-sros-activity-05.html", "title": "Flexible encoding for configuration input on SR OS"}, "tags": ["JSON", "JSON IETF", "MD-CLI", "Python", "SR OS", "alias", "configuration", "pySROS", "pyexec"]}, {"item": {"url": "nos/sros/intermediate/nos-sros-activity-08.html", "title": "Automatic update of interface descriptions using the event handler"}, "tags": ["Event handler", "MD-CLI", "Python", "SR OS", "pySROS"]}, {"item": {"url": "nos/sros/intermediate/nos-sros-activity-21.html", "title": "Automatically update prefix-lists when BGP peer configuration changes"}, "tags": ["EHS", "MD-CLI", "Python", "SR OS", "alias", "configuration", "pySROS", "pyexec"]}, {"item": {"url": "nos/sros/intermediate/nos-sros-activity-22.html", "title": "Sanity check MD-CLI show command"}, "tags": ["MD-CLI", "Python", "SR OS", "alias", "pySROS"]}, {"item": {"url": "nos/sros/intermediate/nos-sros-activity-23.html", "title": "Customizing DHCP and Radius flows with \"alc\""}, "tags": ["BNG", "NAT", "Radius", "SR OS", "TPSDA", "configuration", "pySROS"]}, {"item": {"url": "nos/sros/intermediate/nos-sros-activity-56.html", "title": "Network troubleshooting and configuration with SR OS and Ansible"}, "tags": ["Ansible", "MD-CLI", "NETCONF", "SR OS", "configuration"]}, {"item": {"url": "nos/sros/intermediate/nos-sros-activity-62.html", "title": "Script (policy) results browsing made easy"}, "tags": ["MD-CLI", "Python", "SR OS", "alias", "pySROS"]}, {"item": {"url": "nos/sros/intermediate/nos-sros-activity-63.html", "title": "Dynamic configuration management with Radius"}, "tags": ["BNG", "Radius", "SR OS", "TPSDA", "configuration", "pySROS"]}, {"item": {"url": "nsp/index.html", "title": "Network Services Platform (NSP)"}, "tags": ["Artifact Manager", "Device Operations", "Intent Manager", "NSP", "Visual Studio Code", "Workflow Manager"]}, {"item": {"url": "nsp/advanced/57-nsp-netbox.html", "title": "Integrating NSP w/ NetBox"}, "tags": ["NSP", "NetBox", "Python"]}, {"item": {"url": "nsp/advanced/72-nsp-tldp-to-evpn-migration.html", "title": "Service Migration from TLDP to EVPN"}, "tags": ["EPIPE", "EVPN", "NSP", "Network Intent"]}, {"item": {"url": "nsp/advanced/73-nsp-golden-cfg-security.html", "title": "Security Baseline Configuration"}, "tags": ["Device Configuration", "Golden Configuration", "NSP"]}, {"item": {"url": "nsp/beginner/60-nsp-alarm-ack.html", "title": "Acknowledge Alarms"}, "tags": ["Fault Management", "NSP", "SchemaForm", "Workflow Manager"]}, {"item": {"url": "nsp/beginner/68-indicator-analytics.html", "title": "Indicators Analytics"}, "tags": ["Analytics", "Kafka", "MD-CLI", "NSP", "Telemetry", "Workflow Manager"]}, {"item": {"url": "nsp/beginner/69-nsp-baseline-analytics.html", "title": "Baseline Analytics"}, "tags": ["Analytics", "MD-CLI", "NSP", "Telemetry"]}, {"item": {"url": "nsp/beginner/70-nsp-inventory-report-using-workflow.html", "title": "Inventory Reports"}, "tags": ["NSP", "RESTCONF", "Workflow Manager"]}, {"item": {"url": "nsp/intermediate/48-nsp-device-specific-infra-config.html", "title": "Infrastructure Configuration"}, "tags": ["Intent Manager", "NSP", "Service Management", "Visual Studio Code"]}, {"item": {"url": "nsp/intermediate/51-nsp-access-port-migration.html", "title": "Access Port Migration"}, "tags": ["NSP", "Service Fulfillment Operations", "Service Management", "Workflow Manager"]}, {"item": {"url": "nsp/intermediate/66-nsp-ne-password-audit.html", "title": "Network Element Password Audit and Alignment"}, "tags": ["Artifact Manager", "Device Operation", "LSO (Large Scale Operation)", "NSP", "Workflow Manager"]}, {"item": {"url": "nsp/intermediate/71-nsp-ne-config-snapshot-rollback.html", "title": "Network Element Configuration Snapshot/Rollback"}, "tags": ["Device Operations", "NSP", "Visual Studio Code", "Workflow Manager"]}, {"item": {"url": "tools/tools-bash-basics.html", "title": "Linux/UNIX shell basics"}, "tags": ["Command line", "Linux", "bash", "cat", "echo", "grep", "tail", "vi", "vim"]}, {"item": {"url": "tools/tools-clab-vscode-plugin.html", "title": "VS Code Containerlab Extension"}, "tags": ["Containerlab", "VScode", "clab", "edgeshark"]}]}